<?xml version='1.0' encoding='UTF-8'?>  
<!DOCTYPE hibernate-configuration PUBLIC  
          "-//Hibernate/Hibernate Configuration DTD 3.0//EN"  
          "http://hibernate.sourceforge.net/hibernate-configuration-3.0.dtd">  
  
<hibernate-configuration>  
  
    <session-factory>  
	<property name="hibernate.hbm2ddl.auto">update</property>
        <property name="dialect">org.hibernate.dialect.MySQL5InnoDBDialect</property>  
        <property name="connection.url">jdbc:mysql://localhost:3306/kc9july22</property>  
        <property name="connection.username">root</property>  
        <property name="connection.password">dee123</property>  
        <property name="connection.driver_class">com.mysql.cj.jdbc.Driver</property>  
    <mapping resource="studentdata.hbm.xml"/>  
    </session-factory>  
  
</hibernate-configuration> 
