<?xml version='1.0' encoding='UTF-8'?>  
<!DOCTYPE hibernate-mapping PUBLIC  
 "-//Hibernate/Hibernate Mapping DTD 3.0//EN"  
 "http://hibernate.sourceforge.net/hibernate-mapping-3.0.dtd">  
  
 <hibernate-mapping>  
  <class name="Student" table="studentdata">  
    <id name="Rno">  
     <generator class="assigned"></generator>  
    </id>  
     <property name="Name"></property>  
     <property name="Branch"></property> 
	<property name="Email"></property>  
     <property name="Mobile"></property> 
	<property name="Subject1"></property>  
     <property name="Subject2"></property>  
     <property name="Subject3"></property>

  </class>  
            
 </hibernate-mapping> 
